{"W7l40vT7k/GDX57Dk1FXew==":"logo-122x41.png","I6aV2crsb27rjDIG/LwACw==":"top-1918x1074.png","BTGhuQJEvJ4jNBDpH80enQ==":"bg01-1916x572.png","41wfslaADyIpN2vIZIRoNg==":"img-582x416.png","UAc7kepzJPkrSn4uqTRvmw==":"background4.jpg","uPdKeSNm10maBDCpCULReA==":"bg02-1921x654.png","O21nBG+e9t3UejWK0p47Ig==":"asset%205-1101x494.png","QjO4zzlB5bwi8GNemb88fg==":"asset%207-1102x493.png","pGQZjYHfWKOYqc+hlnYA6g==":"asset%208-436x362.png","n7w0snAk7tpB99OpaFo3Sg==":"asset%209-410x359.png","DjQxkuV9cE1LTQUUEhnCwA==":"asset%2011-99x193.png","oap0Ty4Ai0UxoR2TIEG8ug==":"asset%2012-158x216.png","Bqrxp6OZu+aSObV8inDlPg==":"asset%2013-172x137.png","ob1drYqx1hNJ+NP1OuQ2ug==":"asset%2015-1916x370.png","Sp2xKQ2ftTn6oAE0OJPJ0g==":"asset%2014-460x350.png"}